{
    "pyl": {
        "highest_score": 105,
        "last_score": 105,
        "timestamp": "2025-02-09 12:23:07"
    },
    "noob": {
        "highest_score": 30,
        "last_score": 30,
        "timestamp": "2025-02-09 12:23:40"
    },
    "pro": {
        "highest_score": 105,
        "last_score": 105,
        "timestamp": "2025-02-09 12:26:25"
    },
    "A": {
        "highest_score": 100,
        "last_score": 100,
        "timestamp": "2025-02-09 12:53:59"
    },
    "AB": {
        "highest_score": 0,
        "last_score": 0,
        "timestamp": "2025-02-09 12:57:25"
    },
    "ABD": {
        "highest_score": 75,
        "last_score": 75,
        "timestamp": "2025-02-09 12:58:30"
    },
    "B": {
        "highest_score": 105,
        "last_score": 105,
        "timestamp": "2025-02-09 13:05:47"
    },
    "ABCD": {
        "highest_score": 0,
        "last_score": 0,
        "timestamp": "2025-02-09 13:34:53"
    },
    "AD": {
        "highest_score": 105,
        "last_score": 105,
        "timestamp": "2025-02-09 14:04:04"
    },
    "SAD": {
        "highest_score": 0,
        "last_score": 0,
        "timestamp": "2025-02-09 14:43:16"
    },
    "ASD": {
        "highest_score": 110,
        "last_score": 105,
        "timestamp": "2025-02-09 15:11:18"
    },
    "test music": {
        "highest_score": 105,
        "last_score": 105,
        "timestamp": "2025-02-09 15:01:39"
    },
    "ASd": {
        "highest_score": 105,
        "last_score": 105,
        "timestamp": "2025-02-09 15:02:38"
    },
    "SAd": {
        "highest_score": 105,
        "last_score": 105,
        "timestamp": "2025-02-09 15:03:17"
    },
    "testtest": {
        "highest_score": 105,
        "last_score": 105,
        "timestamp": "2025-02-09 15:15:26"
    },
    "asdasd": {
        "highest_score": 105,
        "last_score": 105,
        "timestamp": "2025-02-09 15:18:42"
    },
    "ASWW": {
        "highest_score": 15,
        "last_score": 15,
        "timestamp": "2025-02-09 15:19:21"
    },
    "ASW": {
        "highest_score": 105,
        "last_score": 105,
        "timestamp": "2025-02-09 15:23:56"
    },
    "ASWa": {
        "highest_score": 0,
        "last_score": 0,
        "timestamp": "2025-02-09 15:24:17"
    },
    "DO": {
        "highest_score": 105,
        "last_score": 105,
        "timestamp": "2025-02-09 15:26:32"
    },
    "ASWAWD": {
        "highest_score": 0,
        "last_score": 0,
        "timestamp": "2025-02-09 15:27:02"
    }
}